﻿{
    "Routes": [
        {
            "DownstreamPathTemplate": "/api/v1/Catalog/Catalogs",
            "DownstreamScheme": "http",
            "DownstreamHostAndPorts": [
                {
                    "Host": "localhost",
                    "Port": 6060
                }
            ],
            "UpstreamPathTemplate": "/catalogs"
        },
        {
            "DownstreamPathTemplate": "/WeatherForecast",
            "DownstreamScheme": "http",
            "DownstreamHostAndPorts": [
                {
                    "Host": "localhost",
                    "Port": 6062
                }
            ],
            "UpstreamPathTemplate": "/weather",
            "RateLimitOptions": {
                "ClientWhitelist": [],
                "EnableRateLimiting": true,
                "Period": "1s",
                "PeriodTimespan": 1,
                "Limit": 1
            }
        }
        
    ],
    "GlobalConfiguration": {
        "BaseUrl": "http://localhost:7000"
    }
}